{"keller_descriptors":["Intensity","Pleasantness","Bakery","Sweet","Fruit","Fish","Garlic","Spices","Cold","Sour","Burnt","Acid","Warm","Musky","Sweaty","Ammonia","Decayed","Wood","Grass","Flower","Chemical"],"pca_variance":{"openpom":[0.33201390504837036,0.15199409425258636],"keller":[0.5088793423373296,0.2988757931701793]},"background":{"openpom":[[0.16500000655651093,1.0379999876022339],[-1.8250000476837158,7.889999866485596],[-13.539999961853027,-4.241000175476074],[-1.2999999523162842,8.87399959564209],[11.819000244140625,-2.805000066757202],[-13.539999961853027,-4.241000175476074],[-4.560999870300293,-0.024000000208616257],[-11.406999588012695,-5.093999862670898],[-11.961999893188477,4.5320000648498535],[-3.2130000591278076,-1.274999976158142],[3.7019999027252197,0.9900000095367432],[-3.247999906539917,-3.246000051498413],[3.2330000400543213,-1.6710000038146973],[-12.717000007629395,0.0020000000949949026],[9.508999824523926,-0.08500000089406967],[-9.017999649047852,-5.867000102996826],[-11.545000076293945,0.6079999804496765],[3.5510001182556152,0.9959999918937683],[11.814000129699707,-8.913000106811523],[-3.941999912261963,6.906000137329102],[4.695000171661377,0.46000000834465027],[-5.644000053405762,1.2480000257492065],[-8.152999877929688,-6.36899995803833],[-0.12300000339746475,-3.2790000438690186],[-1.2480000257492065,8.835000038146973],[-13.348999977111816,-4.632999897003174],[-13.3100004196167,-3.6459999084472656],[-1.3960000276565552,-2.319999933242798],[-4.689000129699707,0.9629999995231628],[7.932000160217285,-3.0989999771118164],[1.5470000505447388,3.765000104904175],[9.656999588012695,2.0429999828338623],[9.53499984741211,1.840999960899353],[10.829000473022461,2.6489999294281006],[-2.3329999446868896,-4.142000198364258],[-8.343999862670898,-5.9770002365112305],[2.1440000534057617,2.6710000038146973],[0.48899999260902405,1.8539999723434448],[3.065000057220459,-6.923999786376953],[-1.6339999437332153,7.499000072479248],[2.506999969482422,-4.8429999351501465],[-8.152999877929688,-6.36899995803833],[-0.8600000143051147,0.09300000220537186],[4.9029998779296875,-2.7799999713897705],[-2.187999963760376,0.04800000041723251],[0.8209999799728394,3.437000036239624],[-14.182999610900879,5.558000087738037],[0.4519999921321869,-2.510999917984009],[-1.4780000448226929,-0.7910000085830688],[-0.23000000417232513,11.616999626159668],[0.9089999794960022,-2.121999979019165],[-10.496000289916992,2.0380001068115234],[-7.993000030517578,-0.6869999766349792],[-0.6690000295639038,11.229000091552734],[-9.885000228881836,2.6989998817443848],[2.634999990463257,3.0209999084472656],[1.9179999828338623,5.651000022888184],[-0.7120000123977661,-4.644999980926514],[-0.027000000700354576,-4.801000118255615],[-11.545000076293945,0.6079999804496765],[-0.7549999952316284,10.633999824523926],[1.5870000123977661,4.752999782562256],[-13.64799976348877,-7.921999931335449],[1.9889999628067017,2.2320001125335693],[11.82800006866455,1.0670000314712524],[-5.480999946594238,1.3639999628067017],[1.1729999780654907,-6.599999904632568],[0.2669999897480011,-1.100000023841858],[-2.506999969482422,-0.7099999785423279],[-6.10099983215332,0.03099999949336052],[-5.105000019073486,-1.9919999837875366],[-6.758999824523926,-1.0789999961853027],[-1.7380000352859497,8.486000061035156],[1.6050000190734863,5.9120001792907715],[2.619999885559082,5.4039998054504395],[1.9839999675750732,-3.010999917984009],[-7.677999973297119,-5.559000015258789],[-1.4620000123977661,0.37599998712539673],[10.829000473022461,2.6489999294281006],[-11.961999893188477,4.5320000648498535],[12.449999809265137,5.171999931335449],[-0.03099999949336052,-10.909000396728516],[-1.0119999647140503,-5.386000156402588],[10.3149995803833,2.0179998874664307],[-11.66100025177002,3.255000114440918],[1.9819999933242798,-5.827000141143799],[-12.75,-3.7009999752044678],[0.7760000228881836,1.1779999732971191],[-14.418999671936035,-7.375999927520752],[0.36500000953674316,-2.3389999866485596],[-0.6740000247955322,-1.1089999675750732],[-8.54800033569336,4.210999965667725],[1.7289999723434448,5.039999961853027],[2.6019999980926514,4.244999885559082],[-11.968000411987305,-5.038000106811523],[4.63700008392334,0.10000000149011612],[-1.0959999561309814,-1.3140000104904175],[-8.987000465393066,3.822000026702881],[0.27300000190734863,-2.309000015258789],[1.8380000591278076,2.23799991607666],[9.423999786376953,1.2610000371932983],[0.47699999809265137,-2.0320000648498535],[13.194999694824219,-9.239999771118164],[-8.343999862670898,-5.9770002365112305],[-0.6690000295639038,11.229000091552734],[-8.836000442504883,3.815999984741211],[5.11299991607666,-3.7119998931884766],[-6.250999927520752,0.03700000047683716],[0.0560000017285347,-10.314000129699707],[-0.08399999886751175,-1.9759999513626099],[10.979999542236328,1.3569999933242798],[-1.465000033378601,-1.649999976158142],[2.8380000591278076,8.770000457763672],[1.5470000505447388,0.6320000290870667],[-1.2029999494552612,-4.99399995803833],[0.9679999947547913,-1.7619999647140503],[0.2669999897480011,-1.100000023841858],[12.642000198364258,2.2320001125335693],[9.718999862670898,-1.0169999599456787],[-1.3339999914169312,8.239999771118164],[12.343000411987305,1.4919999837875366],[1.9819999933242798,-5.827000141143799],[-10.279999732971191,-6.440999984741211],[11.996000289916992,0.7699999809265137],[-10.279999732971191,2.928999900817871],[12.65999984741211,4.239999771118164],[-11.288000106811523,2.438999891281128],[-14.364999771118164,-4.125],[-0.23000000417232513,11.616999626159668],[-8.92300033569336,3.2200000286102295],[2.7279999256134033,4.254000186920166],[2.134999990463257,-3.0169999599456787],[9.628000259399414,-8.927000045776367],[-13.920999526977539,-4.307000160217285],[-0.9909999966621399,-1.534000039100647],[-6.678999900817871,-7.140999794006348],[10.163000106811523,0.8029999732971191],[13.071999549865723,-7.711999893188477],[-5.866000175476074,-3.2890000343322754],[-1.440000057220459,11.77400016784668],[12.756999969482422,-9.628000259399414],[3.2909998893737793,-5.7870001792907715],[-7.828999996185303,-5.552000045776367],[-10.300999641418457,-0.25600001215934753],[10.979999542236328,1.277999997138977],[11.279000282287598,4.565999984741211],[4.355999946594238,1.878000020980835],[13.199999809265137,-3.131999969482422],[-8.397000312805176,4.203999996185303],[-4.4679999351501465,5.921999931335449],[-5.511000156402588,0.08299999684095383],[-5.603000164031982,-1.2059999704360962],[6.921999931335449,5.086999893188477],[-1.1080000400543213,8.482999801635742],[6.492000102996826,6.252999782562256],[6.385000228881836,2.572999954223633],[-12.105999946594238,0.6629999876022339],[-7.9629998207092285,-5.388000011444092],[-11.001999855041504,-4.076000213623047],[-8.397000312805176,4.203999996185303],[-11.451000213623047,2.322999954223633],[-9.907999992370605,1.718000054359436],[2.3350000381469727,2.2799999713897705],[12.54699993133545,-8.696000099182129],[8.991000175476074,0.19699999690055847],[-10.84000015258789,2.9839999675750732],[-6.770999908447266,-6.77400016784668],[-1.684999942779541,-0.1420000046491623],[2.9820001125335693,-1.4110000133514404],[10.979999542236328,1.277999997138977],[-0.026000000536441803,1.4290000200271606],[11.37600040435791,-9.302000045776367],[-1.3919999599456787,-3.8889999389648438],[9.531000137329102,4.940999984741211],[0.4189999997615814,-2.4709999561309814],[12.989999771118164,-2.200000047683716],[2.443000078201294,5.960000038146973],[-10.704999923706055,2.9700000286102295],[-1.0010000467300415,12.163000106811523],[13.281999588012695,-8.645000457763672],[9.326000213623047,2.7730000019073486],[-6.619999885559082,-6.781000137329102],[-4.538000106811523,0.9559999704360962],[-3.316999912261963,-3.369999885559082],[5.263999938964844,-3.7190001010894775],[-11.496000289916992,0.5239999890327454],[6.590000152587891,-0.3149999976158142],[-3.061000108718872,9.25100040435791],[-10.324000358581543,1.1299999952316284],[-12.46500015258789,-3.871999979019165],[1.3209999799728394,